Time(ms),MoTE,Pin,State,P&ID
135.66212487220764,3,22,False,NULL
145.66336679458618,3,22,True,NULL
